{
  "current-scene": "49ab8a36-4b98-4335-a79f-ce9b85da3321",
  "gizmos-infos": {
    "iconGizmoSize": 2,
    "isGridVisible": true,
    "isIconGizmo3D": false
  },
  "camera-infos": {
    "49ab8a36-4b98-4335-a79f-ce9b85da3321": {
      "position": {
        "x": 46.90576421937323,
        "y": 25.85770156329552,
        "z": 6.10027048479239
      },
      "rotation": {
        "w": 0.7408620046047238,
        "x": -0.1903860474820572,
        "y": 0.6253980571154647,
        "z": 0.14102555013707896
      },
      "viewCenter": {
        "x": -3.180630467194238,
        "y": -0.4482819423434492,
        "z": -2.012245512791582
      }
    }
  },
  "camera-uuids": [
    "49ab8a36-4b98-4335-a79f-ce9b85da3321"
  ]
}
