{
  "current-scene": "49ab8a36-4b98-4335-a79f-ce9b85da3321",
  "gizmos-infos": {
    "iconGizmoSize": 2,
    "isGridVisible": true,
    "isIconGizmo3D": false
  },
  "camera-infos": {
    "49ab8a36-4b98-4335-a79f-ce9b85da3321": {
      "position": {
        "x": -77.15418599358983,
        "y": 141.5514165881175,
        "z": 45.02583758879902
      },
      "rotation": {
        "w": 0.8143213661723385,
        "x": -0.40426932440582264,
        "y": -0.3531459934647919,
        "z": -0.18120883868350313
      },
      "viewCenter": {
        "x": 0,
        "y": 0,
        "z": -28.38
      }
    }
  },
  "camera-uuids": [
    "49ab8a36-4b98-4335-a79f-ce9b85da3321"
  ]
}
