{
  "current-scene": "49ab8a36-4b98-4335-a79f-ce9b85da3321",
  "gizmos-infos": {
    "iconGizmoSize": 2,
    "isGridVisible": true,
    "isIconGizmo3D": false
  },
  "camera-infos": {
    "49ab8a36-4b98-4335-a79f-ce9b85da3321": {
      "position": {
        "x": -22.19579185272964,
        "y": 37.03719453366059,
        "z": 54.1986511229946
      },
      "rotation": {
        "w": 0.9571015310719723,
        "x": -0.23930456443999787,
        "y": -0.1445793209052641,
        "z": -0.0034295611697377605
      },
      "viewCenter": {
        "x": 0,
        "y": 0,
        "z": -13.401
      }
    }
  },
  "camera-uuids": [
    "49ab8a36-4b98-4335-a79f-ce9b85da3321"
  ]
}
