{
  "current-scene": "49ab8a36-4b98-4335-a79f-ce9b85da3321",
  "gizmos-infos": {
    "iconGizmoSize": 2,
    "isGridVisible": true,
    "isIconGizmo3D": false
  },
  "camera-infos": {
    "49ab8a36-4b98-4335-a79f-ce9b85da3321": {
      "position": {
        "x": 0.9018455326106051,
        "y": 3.018266954359531,
        "z": 0.05501683388208201
      },
      "rotation": {
        "w": 0.5806878070571634,
        "x": -0.4071270206556157,
        "y": 0.5555386859302472,
        "z": 0.42957458457191644
      },
      "viewCenter": {
        "x": -2.802111478025603,
        "y": -8.894806354935746,
        "z": -0.5387699808686145
      }
    }
  },
  "camera-uuids": [
    "49ab8a36-4b98-4335-a79f-ce9b85da3321"
  ],
  "float-window": {
    "position": {
      "cc": {
        "ParticleSystemComponent": {
          "bottom": null,
          "dock": false,
          "left": 0,
          "right": null,
          "top": 0
        }
      }
    }
  }
}
